condition,regime,mean_cost_ratio,mean_decision_time_ms,reach_rate
V1,static,168.6667663024446,540.9246279182844,0.44
V2,static,132.16424923610347,5961.617715957109,0.4
V3,static,127.78033960364387,5011.291028015548,0.48
Astar,static,1.3640230486978047,21.44992399844341,0.96
Cold,static,270.99197826501,613.8797280634753,0.08
V1,light,165.31742793326532,611.7270358919632,0.44
V2,light,125.11661649042793,5954.864892088808,0.32
V3,light,130.10120658376692,6226.667035873979,0.44
Astar,light,1.3640230486978047,27.31851599062793,0.96
Cold,light,191.0629739434465,753.2146880216897,0.12
V1,medium,208.79670671390167,628.7429801083636,0.44
V2,medium,123.48135192136836,6046.684624092886,0.4
V3,medium,138.86449064585753,6696.287436019629,0.4
Astar,medium,1.3640230486978047,20.92963999719359,0.96
Cold,medium,233.3033912609833,904.0382720134221,0.08
V1,heavy,161.69879982109973,763.2441479538102,0.52
V2,heavy,101.16333936684362,7474.476195978932,0.36
V3,heavy,190.214458650065,7681.763871958246,0.44
Astar,heavy,1.3640230486978047,15.76908400398679,0.96
Cold,heavy,254.1149267170077,906.3029719842598,0.12
